county,district,section,number,xcenter,ycenter
桃園市,桃園區,南崁頂段陳厝坑小段,379-11,121.34297138681501,25.059013799980498
桃園市,蘆竹區,中興段,1064,121.33283073019001,24.9932731778045
桃園市,大園區,大園段,211,121.197001776115,25.069847637479
桃園市,大園區,大園段,212,121.197219541125,25.069778793687497
桃園市,大溪區,南興段南興小段,439,121.2534864963,24.897067266491
桃園市,觀音區,中觀段,77,121.14639922842,24.975238794347
桃園市,中壢區,仁德段,64,121.2597966866,24.956113350809503
桃園市,桃園區,中路段,816-8,121.28356020122999,25.0051686868975
桃園市,大溪區,福山段,33,121.26016098302,24.831253295636
桃園市,復興區,竹頭角段,34-85,121.29177472647,24.801210630173
桃園市,大園區,橫山段橫山小段,28-5,121.21758098347499,25.0297321044635
桃園市,蘆竹區,南榮段,246-1,121.300996626585,25.035747748679498
桃園市,大園區,照鏡段,71-1,121.206763203965,25.028179205987
桃園市,龜山區,興華段,1102,121.363735704045,25.0498042023215
桃園市,龜山區,興華段,1110-1,121.36312488600001,25.050800773841
桃園市,中壢區,永清段,458,121.228582842165,24.981384700817003
桃園市,中壢區,永清段,480-1,121.22755752796499,24.986890903719
桃園市,中壢區,永清段,478-6,121.22799694605999,24.987461260194998
桃園市,中壢區,後寮段,362-8,121.23376276143,24.948236396561
桃園市,中壢區,忠福段,1478,121.22912720773499,24.9690743409385
桃園市,中壢區,雙嶺段,649-1,121.16262828389,24.965671367315
桃園市,中壢區,五權段,757-6,121.19339326118501,24.9589940643245
桃園市,龍潭區,四方林段四方林小段,693-50,121.204829734335,24.852918952188503
桃園市,龍潭區,干城段,450,121.210434301185,24.872755506257
桃園市,龍潭區,上華段,537,121.22033186038,24.850490056141
桃園市,楊梅區,草湳坡段埔心小段,64-32,121.178284913095,24.9063802332425
桃園市,新屋區,高洲段,599,121.16366925117,24.958417305235002
桃園市,八德區,大興段,443,121.311570011785,25.015137933910502
桃園市,蘆竹區,中興段,1300,121.09650013347499,24.973200712165998
桃園市,觀音區,廣興段,861-2,121.09602237116499,25.034676882444998
桃園市,八德區,永福段,940,121.25510258163,24.841296187034
桃園市,八德區,同福段,381,121.306431093125,24.961789414681
桃園市,蘆竹區,大竹圍段,115-4,121.24978040028,25.045674981751
桃園市,中壢區,榮南段,2-49,121.25369974110001,24.954344069270498
桃園市,中壢區,中壢埔頂段,1325,121.23848299639,24.952541220455
桃園市,中壢區,三民段,673,121.20239695253,24.9707509462565
桃園市,中壢區,萬能段,531,121.22725944583,24.9893011601485
桃園市,大園區,沙崙段坡堵小段,425-1,121.227777556995,25.0883502853805
桃園市,楊梅區,上湖段,261,121.1068095386,24.907371607940497
桃園市,楊梅區,豐野段,77-3,121.083600720455,24.938845716074
桃園市,龍潭區,三坑段,308,121.25131246454501,24.836192497598
桃園市,八德區,大忠段,17,121.306478618655,24.960354914506
桃園市,八德區,大忠段,18,121.30607600271,24.9601537151555
桃園市,八德區,大華段,441-5,121.301953378545,24.956592824505
桃園市,八德區,福興段,434,121.254903379425,25.000702018583
桃園市,觀音區,光明段,76,121.13144959079,25.006790005836
桃園市,觀音區,草富段,263,121.13741841905,25.046352584942
桃園市,大園區,橫山段尖山小段,32-26,121.206693911705,25.0460740659335
桃園市,蘆竹區,大竹圍段,239-184,121.260254447395,25.0244696212125
桃園市,平鎮區,廣豐段,527-1,121.20456644769,24.942810713609
桃園市,平鎮區,金獅段,1244,121.226303132955,24.92458378241
桃園市,平鎮區,南華段,856,121.211941172015,24.9153429110335
桃園市,平鎮區,賦北段,6,121.186218603145,24.9416219612715
桃園市,新屋區,高洲段,698,121.162884519995,24.957758919292502
桃園市,大園區,橫山段橫山小段,24-3,121.21722197587499,25.030801845002998
桃園市,蘆竹區,羊稠段,280,121.300545309685,25.048673456164
桃園市,蘆竹區,羊稠段,72,121.30137912744,25.0523548980095
桃園市,蘆竹區,南榮段,737,121.29507628249999,25.036814995442498
桃園市,龍潭區,八張犁段,582-10,121.1880741128,24.8695698072185
桃園市,中壢區,五權段,757-4,121.19308954209001,24.9590138138335
桃園市,觀音區,草新段,482-4,121.138404036165,25.038610892515
桃園市,觀音區,樹林子段樹林子小段,960,121.119767508985,25.066893005932002
桃園市,觀音區,樹林子段樹林子小段,961,121.11918627141,25.067037084737997
桃園市,中壢區,忠福段,1405,121.22721887213001,24.969616731035998
桃園市,中壢區,仁德段,288-1,121.25752705856499,24.954580329144
桃園市,桃園區,龍壽段,250-7,121.27318045237001,24.985677353101998
桃園市,桃園區,國強段,789,121.28459122554,24.992796899273003
桃園市,蘆竹區,坑子口段頭前小段,563-8,121.26620483347,25.0884300623105
桃園市,大園區,北園段,812,121.19945076370001,25.066625552398
桃園市,龍潭區,銅鑼圈段,44-236,121.20995669472501,24.83834723732
桃園市,大溪區,石屯段下石屯小段,2,121.30396629079,24.902839649136503
桃園市,平鎮區,廣西段,312,121.20783806464999,24.9511891845085
桃園市,平鎮區,忠貞段,1093,121.24882457745,24.924621127087498
桃園市,新屋區,新生段,70,121.10645897718,24.976158140851
桃園市,新屋區,東勢段甲頭厝小段,1318,121.07739775784,24.974538515409
桃園市,新屋區,大坡段三角堀小段,524-4,121.042465227075,24.9605288960605
桃園市,大園區,竹圍段三塊石小段,1378,121.242632571755,25.0665790241625
桃園市,蘆竹區,沙崙段沙崙小段,633,121.238348818375,25.1056493886665
桃園市,大園區,雙溪口段下縣厝子小段,103-21,121.16557715676501,25.0336404392535
桃園市,觀音區,中觀段,78,121.14622974561499,24.9751513581325
桃園市,中壢區,青芝段,103,121.206492185045,25.001175040085997
桃園市,龍潭區,五福段,843,121.21705450808,24.8664861222065
桃園市,大溪區,仁善段,1066,121.27868695857,24.903596560098002
桃園市,大溪區,南興段南興小段,637,121.25575795998,24.890804286605
桃園市,大溪區,仁善段,471,121.283990719325,24.9102362371145
桃園市,大溪區,南興段南興小段,637-8,121.255750191935,24.890621009273502
桃園市,龍潭區,建國段,578,121.22953650751501,24.8422998711455
桃園市,大園區,竹圍段海方厝小段,195,121.23664938757,25.1016942205495
桃園市,大園區,埔心段埔心小段,1742-1,121.21799760268499,25.038930558754
桃園市,大園區,橫山段橫山小段,34,121.214604574905,25.028207763813
桃園市,楊梅區,二重溪段,138,121.155802428015,24.9028681767965
桃園市,新屋區,笨子港段埔子頂小段,389,121.026820794225,24.96580437522
桃園市,平鎮區,台水段,610-14,121.192639468505,24.930738724417502
桃園市,平鎮區,雙連段,570,121.181204093455,24.961063286209
桃園市,平鎮區,東社段,711-10,121.24392396222501,24.924249140245003
桃園市,八德區,八塊段,941-8,121.298030067415,24.929535422579
桃園市,八德區,大竹段,689-3,121.32258975702999,24.947514958406998
桃園市,蘆竹區,水尾段,1033,121.2768282483,25.0593519691855
桃園市,蘆竹區,河底段,613,121.293624819005,25.038430147415
桃園市,蘆竹區,大竹圍段,242-27,121.260278753455,25.0252611744495
桃園市,蘆竹區,中興段,671,121.33462717716,24.992353414267
桃園市,蘆竹區,中興段,173,121.33805528418,24.994680947863
桃園市,新屋區,蚵殼港段深圳小段,872,121.018281635565,24.961451806620502
桃園市,中壢區,仁德段,251,121.256644070955,24.953251929979
桃園市,中壢區,後寮段,546-8,121.231781572725,24.947298244164003
桃園市,中壢區,山嶺段,80,121.17465768048001,24.9718117718385
桃園市,中壢區,大享段,477,121.19163419381499,24.978156470524
桃園市,觀音區,草富段,288,121.13888047387,25.046096503836
桃園市,八德區,大義段,786,121.301486189705,24.9644431786835
桃園市,八德區,大勇段,150-1,121.305763281935,24.969195931143503
桃園市,中壢區,普義段,740,121.23244287561499,24.9631146277395
桃園市,蘆竹區,大新段,410,121.255560151485,25.0226634069815
桃園市,大園區,圳股頭段古亭小段,446,121.20093630454,25.092769541407
桃園市,八德區,八塊段,1058-3,121.282357819465,24.9223301459275
桃園市,八德區,興豐段,2593,121.29116928119001,24.933283758482
桃園市,平鎮區,富貴段,352,121.22309058264,24.9197921368735
桃園市,新屋區,大坡段大坡小段,387,121.0430782428,24.968306084234
桃園市,新屋區,崁頭厝段下庄子小段,620,121.036497720065,24.9896802318445
桃園市,楊梅區,草湳坡段草湳坡小段,35-11,121.174277283685,24.9134132545245
桃園市,大溪區,番子寮段,751-1,121.2489636422,24.860759647960002
桃園市,龍潭區,三角林段,61-33,121.238248456475,24.851885782071
桃園市,龍潭區,三角林段,61-34,121.238382738685,24.85164750978
桃園市,龍潭區,石門段,144,121.23809482672,24.8234445445395
桃園市,龍潭區,八張犁段,154-62,121.195811045465,24.871631532004997
桃園市,龍潭區,八張犁段,155-22,121.195477860415,24.871085884407
桃園市,中壢區,聖德段,58,121.221392506955,24.985788754136998
桃園市,中壢區,雙嶺段,549,121.16489753619,24.959352568271
桃園市,中壢區,忠福段,2479-11,121.231571344415,24.964707482623503
桃園市,觀音區,中觀段,1127,121.14991288440001,24.965643489626
桃園市,中壢區,永清段,479,121.227699991165,24.987048684315
桃園市,桃園區,新埔段,935,121.3019837311,25.012741134300498
桃園市,桃園區,新埔段,936,121.30224656440501,25.012619788868
桃園市,大園區,埔心段埔心小段,533-2,121.225829175865,25.050381644927
桃園市,大園區,五塊厝段大埔小段,1485,121.243558707115,25.011890008328
桃園市,蘆竹區,蘆興段,292,121.267432817105,25.0491943926705
桃園市,新屋區,十五間段十五間尾小段,695,121.03767834242501,24.9485878679845
桃園市,新屋區,社子段,1344,121.08003613864,24.9583731992055
桃園市,蘆竹區,南新段,953,121.29422454925,25.0411287783315
桃園市,蘆竹區,富竹段,114,121.269094834765,25.0273900643395
桃園市,桃園區,皮寮段,462-18,121.28459566752,24.977955329734
桃園市,桃園區,同安段,1796,121.307688378255,25.014711098488
桃園市,中壢區,青溪段,444-6,121.203675587105,25.007075394609
桃園市,中壢區,興南段公坡小段,621-12,121.221147242745,24.9655817338655
桃園市,中壢區,興南段公坡小段,620-29,121.220934480465,24.9656603014515
桃園市,中壢區,興南段公坡小段,621-14,121.220898509685,24.965453447826
桃園市,龍潭區,九座寮段,317-173,121.239223859225,24.8682363043515
桃園市,龍潭區,九座寮段,317-174,121.239158043575,24.868172039770002
桃園市,龍潭區,九座寮段,317-162,121.23873217105,24.868408749376
桃園市,龍潭區,凌雲段,577,121.20723691276001,24.863924203161503
桃園市,大溪區,仁武段,151,121.27873517642,24.8960741828085
桃園市,大園區,埔心段海豐坡小段,1015,121.21774224243501,25.054696655976002
桃園市,蘆竹區,福興段,25,121.28251759706001,24.93630369534
桃園市,大園區,竹圍段三塊石小段,42-2,121.25565095596,25.074613665569
桃園市,新屋區,埔頂段水碓小段,579,121.10413080634,24.959785624309
桃園市,新屋區,十五間段十五間小段,370,121.053555174395,24.950232277511
桃園市,新屋區,十五間段十五間小段,1890,121.06708708536999,24.9457695916535
桃園市,蘆竹區,錦明段,299,121.28984043503499,25.04933394119
桃園市,大園區,竹圍段拔子林小段,287-6,121.260919653125,25.075160769863
桃園市,蘆竹區,河底段,141,121.28600470127,25.041879600917
桃園市,中壢區,中原段,656-8,121.24466255990001,24.963189429245503
桃園市,觀音區,觀玉段,20-13,121.081899729295,25.046879981523503
桃園市,觀音區,茄苳坑段對面厝小段,126,121.049140842355,25.01564379901
桃園市,中壢區,雙嶺段,1496-11,121.169436283025,24.9596676547425
桃園市,桃園區,大樹林段,677-22,121.31613840347501,24.986958894352
桃園市,楊梅區,高獅段,52,121.146180268795,24.924268693879
桃園市,楊梅區,高獅段,19,121.146901766355,24.924885633571
桃園市,蘆竹區,中興段,137,121.33755851609001,24.995020426500503
桃園市,大溪區,三層段三層小段,1656,121.29650120385,24.8598147893975
桃園市,觀音區,草漯段,178-1,121.143711460235,25.051500071467
桃園市,新屋區,中興段,806,121.334400073755,24.992152062244998
桃園市,新屋區,富九段,176,121.133583310165,24.972062641843003
桃園市,新屋區,大坡段大坡小段,728,121.041618892185,24.9627584256535
桃園市,楊梅區,仁美段,220,121.26456937175999,24.9539871318505
桃園市,中壢區,上嶺段,238,121.169064174955,24.980102926126
桃園市,觀音區,上大段,145,121.131532625845,24.9941521623405
桃園市,大園區,埔心段埔心小段,1599,121.21664716360999,25.0449950359235
桃園市,大園區,北園段,150,121.19653956607,25.065764200814
桃園市,蘆竹區,大竹圍段,288-11,121.25404706305,25.031861197737
桃園市,大園區,埔心段埔心小段,1611,121.215891635755,25.04685935794
桃園市,八德區,茄明段,847,121.27980365541,24.982195000451
桃園市,八德區,大忠段,765,121.300601217085,24.9618203294625
桃園市,八德區,大忠段,837,121.301645822365,24.9609261792625
桃園市,平鎮區,鎮安段,1331,121.199221575085,24.9225342371065
桃園市,楊梅區,富岡段,2179,121.06474084676,24.929791726746
桃園市,新屋區,笨子港段笨子港小段,6,121.04444615611999,24.976713901062
桃園市,楊梅區,草湳坡段埔心小段,20-589,121.18330546133001,24.9084148252605
桃園市,楊梅區,楊湖段,1394,121.06143383274,24.9181922163395
桃園市,大溪區,內柵段下崁小段,521-16,121.272369673345,24.8495032225265
桃園市,中壢區,興南段興南小段,182-2,121.219099347715,24.9587573996115
桃園市,中壢區,三座屋段舊社小段,37-33,121.21657013820001,24.968331588731502
桃園市,觀音區,忠愛段,1215,121.14626585628,24.9978391493615
桃園市,中壢區,三座屋段三座屋小段,644-84,121.210861149655,24.959097377351
桃園市,龜山區,新路段,458,121.32831230064,24.993143950304997
桃園市,龜山區,新路段,459,121.328334434775,24.993181835712498
桃園市,龜山區,新路段,458-1,121.32825823847,24.9931059094965
桃園市,大園區,橫山段尖山小段,36-10,121.206160045465,25.0506276138975
桃園市,大園區,雙溪口段溪洲子小段,160-2,121.18404564388,25.047812514221
桃園市,大園區,埔心段海豐坡小段,456,121.21669489478501,25.0588620893075
桃園市,楊梅區,啟明段,330,121.168108556705,24.9400955322535
桃園市,新屋區,下田心子段員笨小段,328,121.06216132541999,25.000595013155
桃園市,新屋區,長祥段,522-5,121.11989252602501,24.9584854318825
桃園市,楊梅區,員富段,284-1,121.090293523955,24.936440791762003
桃園市,龍潭區,銅鑼圈段,692-3,121.211557788355,24.8157138426385
桃園市,平鎮區,振平段,19,121.22195667964,24.945437682298497
桃園市,平鎮區,高雙段,1060,121.19114070141501,24.9424075677675
桃園市,平鎮區,高雙段,1067-2,121.19107258317,24.9425324749045
桃園市,平鎮區,廣西段,311,121.207880013725,24.951178696569002
桃園市,平鎮區,山子頂段,235-6,121.21783843871,24.90302981872
桃園市,新屋區,崁頭厝段下庄子小段,291,121.02803787539,24.9855330636175
桃園市,新屋區,石牌嶺段,1082,121.05858178446499,24.9962169328355
桃園市,蘆竹區,五福段,188,121.2199635619,24.865678918310998
桃園市,大園區,圳股頭段圳股頭小段,357,121.20908310945501,25.075643126231
桃園市,蘆竹區,中興段,1102-1,121.331375029795,24.992859060294002
桃園市,蘆竹區,南崁廟口段蕃子厝小段,26-9,121.293766822515,25.068517476312
桃園市,桃園區,埔子段八角店子小段,157-16,121.27518547027,25.0125682530175
桃園市,桃園區,中平段,342,121.2951411226,24.989507008045003
桃園市,桃園區,中平段,344,121.29505030962,24.9894413135445
桃園市,桃園區,中平段,340,121.295091727405,24.989300855507
桃園市,觀音區,金湖段,886-1,121.10833554455999,25.012926464611
桃園市,觀音區,金湖段,886-2,121.10845477352501,25.0127532669675
桃園市,中壢區,興和段,724,121.215198323585,24.9805365671075
桃園市,中壢區,興南段興南小段,182-3,121.2190510027,24.958667164913003
桃園市,大溪區,仁善段,1318-1,121.27529923668,24.897995401072002
桃園市,大溪區,三層段三層小段,1841,121.29303685734,24.853857875045
桃園市,大溪區,三層段尾寮小段,822,121.30260086765,24.876408114916
桃園市,新屋區,高洲段,1201,121.15953092829,24.961741642725002
桃園市,楊梅區,啟明段,960-8,121.164602801025,24.934000360717498
桃園市,平鎮區,東勢段東勢小段,133-2,121.23832933275,24.890022533278
桃園市,八德區,同福段,51,121.30899401971,24.965447292409998
桃園市,八德區,大庄段,2814-32,121.296185049635,24.940519717227502
桃園市,大園區,埔心段埔心小段,1859-4,121.21465329879,25.0385485115175
桃園市,蘆竹區,南山段,243,121.28426070393999,25.070311384269502
桃園市,蘆竹區,大竹圍段,103-7,121.24612487593001,25.044512267871
桃園市,中壢區,五權段,919,121.19530852906499,24.961341472479
桃園市,龜山區,半嶺段,744,121.34481060652,24.997076196265
桃園市,平鎮區,三興段,480,121.212600930845,24.911350031163003
桃園市,新屋區,石牌嶺段,621,121.05434050477,25.008876743167498
桃園市,大園區,圳股頭段圳股頭小段,358,121.20896117993999,25.075840276724
桃園市,大園區,圳股頭段圳股頭小段,359,121.20884650007,25.0760064267185
桃園市,大園區,埔心段埔心小段,1482,121.2186025125,25.042891352599
桃園市,桃園區,埔子段埔子小段,1715,121.30821627598499,25.0098722287955
桃園市,中壢區,雙嶺段,730,121.160783564945,24.964086037679
桃園市,龜山區,山福段,431,121.33000472791,24.9903727961915
桃園市,桃園區,桃園段武陵小段,60-5,121.31560511785,24.990436599562
桃園市,大園區,埔心段埔心小段,1506,121.22026966018001,25.0411498126425
桃園市,大園區,橫山段橫山小段,2-10,121.212940062765,25.042396006676
桃園市,大園區,橫山段橫山小段,2-28,121.21313814903999,25.042142293230498
桃園市,大園區,橫山段橫山小段,2-29,121.213351367665,25.041987017811998
桃園市,大園區,橫山段橫山小段,24-5,121.21797616953,25.0306109752375
桃園市,蘆竹區,南崁廟口段山鼻子小段,34-40,121.299878055395,25.0714805380045
桃園市,八德區,大發段,18,121.328181422255,24.964328300461
桃園市,平鎮區,東勢段東勢小段,530-2,121.23642285920499,24.911016219106
桃園市,新屋區,後庄段,1024,121.030789876705,24.955255554837002
桃園市,楊梅區,和平段,184-2,121.14581494282,24.946399724467
桃園市,新屋區,富九段,697,121.13677792561,24.9645386320835
桃園市,楊梅區,楊富段,1258,121.08000721769,24.921956415238498
桃園市,楊梅區,員富段,382,121.08615008013001,24.9390555571655
桃園市,龍潭區,三洽水段,831-62,121.17977942190501,24.859615224699503
桃園市,大溪區,內柵段下崁小段,520-7,121.272604406665,24.849919321496998
桃園市,龍潭區,新烏樹林段,221,121.214944015185,24.8886578532865
桃園市,中壢區,普義段,93,121.24052042496001,24.9633078083715
桃園市,中壢區,青昇段,158,121.22204090138,25.017092002559
桃園市,中壢區,三座屋段舊社小段,132-254,121.21440219568001,24.959780579655
桃園市,中壢區,仁愛段,601,121.25615853648,24.9742129448545
桃園市,中壢區,山下段,347,121.17956805528999,25.011414024097498
桃園市,觀音區,大同段,1686-13,121.136078378785,25.00708209258
桃園市,桃園區,慈文段,2219,121.29396962069,25.007422264736
桃園市,蘆竹區,南榮段,468,121.29630231800999,25.040626574603998
桃園市,新屋區,大牛欄段大牛欄小段,1692,121.031693847485,24.999257677244
桃園市,龍潭區,四方林段四方林小段,608-7,121.20316650761,24.8577042351125
桃園市,新屋區,後庄段,1698,121.023606226415,24.941828924094
桃園市,平鎮區,平東段,639-4,121.251947077975,24.918477356748
桃園市,平鎮區,復旦段,81,121.20233792427,24.956146493942498
桃園市,平鎮區,東勢段東勢小段,623-5,121.22524990871,24.9089174113265
桃園市,楊梅區,幼獅段,480,121.167674934675,24.9293734638725
桃園市,龍潭區,湖底段,405-1,121.220010239855,24.861576668651
桃園市,新屋區,十五間段十五間小段,953,121.073472793055,24.947174702293502
桃園市,楊梅區,田心段,283,121.11872415082499,24.939696537394
桃園市,蘆竹區,福興段,571,121.258701523535,24.9922087103755
桃園市,蘆竹區,內興段,1046,121.266037041845,25.063495913076
桃園市,桃園區,小檜溪段,294-121,121.312025839545,24.997870621731003
桃園市,桃園區,同安段,1796-1,121.307817601345,25.014720503469
桃園市,中壢區,東寮段,1505,121.25522857698999,24.9322304550675
桃園市,中壢區,雙嶺段,649,121.162525912315,24.965905678595
桃園市,中壢區,內壢段,1786,121.231532401945,25.0039285273425
桃園市,觀音區,觀玉段,24-29,121.083664198075,25.044648826154003
桃園市,觀音區,三座屋段三座屋小段,217,121.20880273266499,24.9616393404205
桃園市,觀音區,白沙屯段白沙屯小段,153-2,121.096035031345,25.05010591616
桃園市,龍潭區,竹窩子段,162,121.19958475538,24.861429930942002
桃園市,龍潭區,湖底段,802-1,121.218978772165,24.86022415677
桃園市,楊梅區,高榮段,396,121.15234839754,24.945630553138002
桃園市,新屋區,東勢段甲頭厝小段,558,121.08375089380999,24.975719778804
桃園市,新屋區,石磊子段水流小段,1404,121.07561989294,24.997186915903498
桃園市,新屋區,下田心子段赤牛欄小段,419-1,121.076491191455,24.9934659768415
桃園市,楊梅區,員笨段,311,121.101330625565,24.948084315659003
桃園市,新屋區,啟文段,57,121.19596014057001,25.0047725802685
桃園市,新屋區,十五間段十五間小段,1197,121.060690834995,24.9469683196015
桃園市,平鎮區,平安段,591,121.2111506581,24.9213443823955
桃園市,大園區,橫山段湳子小段,166-50,121.210073608225,25.0561878431025
桃園市,大園區,五塊厝段大埔小段,1275,121.24056851699001,25.0200323306995
桃園市,蘆竹區,南崁下段,695-1,121.27819436988,25.0395641255665
桃園市,大園區,橫山段尖山小段,103-35,121.20998778184,25.041770883730997
桃園市,桃園區,桃園段公館頭小段,14-11,121.31230682642,24.996136308409
桃園市,觀音區,新張段,1307,121.13354352279,25.015572309757502
桃園市,中壢區,月眉段,1294-2,121.182063372435,25.0258412048595
桃園市,中壢區,興和段,464,121.21939219699999,24.9787819885625
桃園市,新屋區,下田心子段赤牛欄小段,422,121.07666040878999,24.9931868439845
桃園市,新屋區,新屋段後湖小段,2040,121.087967055315,24.9799820844385
桃園市,楊梅區,伯公岡段,223-418,121.07761618402,24.934070234175
桃園市,楊梅區,新明段,961,121.078026111845,24.9346812788145
桃園市,大溪區,三層段坑底小段,15,121.30740992829999,24.892570042892
桃園市,中壢區,雙嶺段,686-13,121.159941445025,24.964829715271
桃園市,蘆竹區,南崁下段,559-1,121.285279481555,25.0440287596515
桃園市,大園區,竹圍段海方厝小段,204,121.238815516595,25.102458311690498
桃園市,大園區,圳股頭段圳股頭小段,66,121.207992105765,25.079896316617997
桃園市,大園區,橫山段湳子小段,515,121.20241521380001,25.062588448668997
桃園市,大園區,橫山段橫山小段,39-10,121.21339978483,25.026912522748
桃園市,大園區,埔心段海豐坡小段,231,121.224561095545,25.05443559171
桃園市,大園區,埔心段埔心小段,1687,121.215528994045,25.0449947340105
桃園市,八德區,中華段,427,121.10940472572,24.9669042646185
桃園市,楊梅區,楊梅段,170-210,121.14770503814,24.9056100258705
桃園市,觀音區,草漯段,1163-34,121.13710279955501,25.0690422502145
桃園市,中壢區,富強段,426-1,121.24934702837,24.9432852117095
桃園市,中壢區,內厝段,237,121.18860714833,25.005776035443
桃園市,中壢區,青芝段,96,121.208322179535,25.00116886934
桃園市,中壢區,三座屋段舊社小段,40-35,121.217061617345,24.966789989943003
桃園市,觀音區,大潭段塘背小段,1448-2,121.067172876505,25.0282199733525
桃園市,觀音區,大潭段塘背小段,1448-4,121.06697654084499,25.028190357351
桃園市,中壢區,大江段,510-2,121.219725277215,24.995060109283
桃園市,桃園區,昆明段,619,121.31020023839,24.982588674524
桃園市,龍潭區,干城段,278,121.211517755575,24.8750480937575
桃園市,大溪區,三層段坑底小段,729-4,121.32363704722499,24.874181477282
桃園市,楊梅區,永福段,1529-21,121.14824497669,24.900874920933
桃園市,楊梅區,永福段,1529-22,121.148199470075,24.900862368839498
桃園市,楊梅區,永福段,1042-9,121.14815328808,24.9009379119045
桃園市,楊梅區,永福段,1042-10,121.147796064045,24.900896863701
桃園市,楊梅區,幼獅段,1458,121.181665743935,24.922130076408997
桃園市,楊梅區,新明段,1016,121.07873766475501,24.934555925757998
桃園市,桃園區,中路段,763,121.283577142995,25.003369716666
桃園市,桃園區,富國段,1104,121.2943417412,25.014816648388
桃園市,桃園區,長安段,171,121.301679454675,25.003541406572502
桃園市,桃園區,桃圳段,119,121.287538529635,24.9736762092435
桃園市,中壢區,大享段,126,121.18238858820001,24.980093199724
桃園市,中壢區,大享段,381,121.181083073875,24.9785135483475
桃園市,中壢區,大享段,389-4,121.180957120165,24.9781157568015
桃園市,中壢區,大享段,401,121.181359258385,24.977104404699503
桃園市,中壢區,山上段,109,121.17508339535,25.006704675102
桃園市,中壢區,普仁段,1042,121.248920318495,24.9448294046705
桃園市,中壢區,月眉段,271,121.19255088305499,25.015337494367
桃園市,觀音區,廣興段,631,121.094049296165,25.033331256319002
桃園市,觀音區,藍埔段,33,121.1203107213,24.999370184398
桃園市,中壢區,三座屋段舊社小段,18-86,121.21422924015499,24.973482385587
桃園市,中壢區,三座屋段舊社小段,127,121.213674448145,24.960031045244
桃園市,龍潭區,銅鑼圈段,455,121.21545763348499,24.821874962174498
桃園市,龍潭區,大湖段,643,121.16114451871,24.976554760401
桃園市,龍潭區,大湖段,658,121.159693176605,24.976642961073
桃園市,龍潭區,三元段,7,121.326008260465,25.0081878219375
桃園市,龍潭區,九座寮段,317-176,121.239031288015,24.868049173937003
桃園市,新屋區,十五間段十五間小段,603,121.06899309387,24.9557995856645
桃園市,新屋區,崁頭厝段下庄子小段,28-2,121.03730672217,24.9880316708655
桃園市,新屋區,崁頭厝段下庄子小段,645,121.03661043972,24.990623825701
桃園市,楊梅區,頭重溪段,39-146,121.16981290807999,24.910800212898998
桃園市,新屋區,大坡段大坡小段,1050,121.05170188635,24.958722541473
桃園市,平鎮區,關爺段,375,121.21832858716499,24.934713100148
桃園市,平鎮區,東勢段金雞湖小段,112,121.22726227781999,24.895577921442
桃園市,八德區,大興段,425,121.31062156237999,25.0147153896625
桃園市,八德區,廣隆段,41-1,121.283342255825,24.967393920459003
桃園市,八德區,八塊段,76-356,121.301040425065,24.932175293106
桃園市,大園區,橫山段尖山小段,51-4,121.21050668464,25.043873061499
桃園市,大園區,橫山段尖山小段,101-6,121.208725948515,25.043333829605
桃園市,蘆竹區,南青段,290,121.263015329415,25.049516243744
桃園市,蘆竹區,山鼻段,61,121.29029096790501,25.0814325396615
桃園市,中壢區,內壢段,1381,121.23574694871499,25.0072625479495
桃園市,楊梅區,豐野段,675-12,121.07799715817501,24.9382959049575
桃園市,楊梅區,豐野段,675-21,121.077311674925,24.938186303925
桃園市,楊梅區,新明段,945-1,121.07794838081,24.93493450348
桃園市,楊梅區,民豐段,1225,121.11166578634,24.931019943408
桃園市,新屋區,石牌嶺段,996,121.05789851156999,24.9984991209735
桃園市,新屋區,青田段,749,121.13775528919001,24.9505420812135
桃園市,桃園區,慈文段,1984,121.296255290885,25.009368752729
桃園市,觀音區,草富段,508,121.13813235596,25.0439214559115
桃園市,中壢區,萬能段,950,121.23603292549001,24.987720741828
桃園市,中壢區,永清段,74,121.2355414386,24.987159517897
桃園市,觀音區,忠愛段,158,121.15623484540001,25.005850977616497
桃園市,中壢區,西寮段,200,121.241373069485,24.928693940313998
桃園市,觀音區,三座屋段橫圳頂小段,956,121.07990335966,25.0184734905345
桃園市,桃園區,埔子段北門埔子小段,3-106,121.309483189355,25.001399520663497
桃園市,龜山區,南崁頂段陳厝坑小段,524-21,121.324431988935,25.0482771400605
桃園市,龜山區,舊路坑段舊路坑小段,755-14,121.35953374352499,25.0132107324185
桃園市,觀音區,大同段,17-1,121.123186390095,25.0179464354755
桃園市,觀音區,三座屋段橫圳頂小段,957,121.08005431813,25.018331366065503
桃園市,大園區,埔心段三塊厝小段,617,121.23174653841,25.035078133457503
桃園市,蘆竹區,大新段,99-2,121.26304878415999,25.017705786878
桃園市,蘆竹區,蘆興段,894,121.27604020692,25.049229170754
桃園市,大園區,埔心段埔心小段,1046,121.21888230313999,25.05281339837
桃園市,蘆竹區,坑子外段山腳小段,310-4,121.27820297885,25.0912131484875
桃園市,大園區,橫山段橫山小段,21-9,121.217663244,25.031624093467002
桃園市,平鎮區,新勢段,440,121.217718710315,24.948582092786
桃園市,新屋區,啟文段,1179-1,121.119647415375,24.979143726033
桃園市,新屋區,啟文段,1180,121.11981929089,24.9789882432975
桃園市,楊梅區,豐野段,623,121.07674213986,24.938581289411
桃園市,楊梅區,豐野段,641,121.076928081975,24.938477002919498
桃園市,楊梅區,豐野段,613,121.07663716505,24.938614561065997
桃園市,楊梅區,豐野段,619,121.07668251843,24.938583900395997
桃園市,楊梅區,上湖段,25,121.111603283135,24.908402041709
桃園市,新屋區,下田心子段赤牛欄小段,554,121.072397319625,24.995582389048998
桃園市,楊梅區,新榮段,194,121.1635032324,24.957328180962
桃園市,新屋區,崁頭厝段崁頭厝小段,646,121.0194478057,24.988602576681
桃園市,觀音區,草富段,54,121.13948383893,25.048337272802
桃園市,中壢區,後興段,879,121.235193261715,24.9478824300015
桃園市,中壢區,石頭段,42-842,121.228317307725,24.953038325959
桃園市,觀音區,草富段,615,121.134890595135,25.0419558688505
桃園市,觀音區,觀玉段,42-2,121.08658897387,25.0486450286585
桃園市,觀音區,觀玉段,20,121.08120134737,25.045754292935
桃園市,觀音區,觀玉段,20-5,121.081420595425,25.0459457673895
桃園市,觀音區,觀玉段,20-10,121.0819965206,25.0464474536385
桃園市,觀音區,觀玉段,42-3,121.08680176759,25.048286549708003
桃園市,觀音區,觀玉段,20-8,121.08180433529,25.046280034121
桃園市,觀音區,草富段,191-10,121.13615778144501,25.047059028621
桃園市,觀音區,草富段,186-1,121.136478013275,25.047348641321
桃園市,觀音區,大潭段塘背小段,1453,121.06686835252,25.027505622075502
桃園市,觀音區,草新段,482-7,121.13858784088501,25.038552698841002
桃園市,中壢區,青溪段,275,121.204719954215,25.0125525175555
桃園市,桃園區,會稽段,618,121.31512857294001,25.0192814127205
桃園市,桃園區,富國段,1102,121.295020380365,25.0151965518845
桃園市,大溪區,三層段坑底小段,774-1,121.31734969899,24.873475072606
桃園市,大園區,客運一段,363,121.1693411174,25.044844882431498
桃園市,大園區,圳股頭段圳股頭小段,516,121.20626056841999,25.0747684991005
桃園市,蘆竹區,南崁廟口段營盤坑小段,151-14,121.29997272068499,25.0619250745275
桃園市,蘆竹區,坑子外段山腳小段,203-2,121.286735377,25.0882993301815
桃園市,蘆竹區,中興段,1063,121.332883008445,24.9932840272245
桃園市,大園區,埔心段埔心小段,1392,121.21461671888,25.0529721678015
桃園市,桃園區,三元段,452-1,121.32192396255499,25.002723250649503
桃園市,中壢區,興南段公坡小段,317,121.221328861295,24.969215893446
桃園市,觀音區,金湖段,1664,121.11062881416501,25.025695546427002
桃園市,中壢區,三座屋段舊社小段,99-2,121.217361401595,24.962129130615
桃園市,大溪區,烏塗窟段,1916-2,121.307425377425,24.899494379958497
桃園市,大溪區,埔頂段,124-796,121.282098134155,24.899360905383
桃園市,龍潭區,成功段,196-1,121.222305468605,24.8899868726685
桃園市,大溪區,埔頂段,124-795,121.28209908276,24.8994024547255
桃園市,大溪區,仁武段,166,121.27778428317501,24.895502119091503
桃園市,大溪區,三層段三層小段,2262-1,121.29304949541,24.8652982211365
桃園市,龍潭區,九座寮段,317-153,121.239396208765,24.8688785109285
桃園市,龍潭區,九座寮段,317-229,121.23980739897999,24.86635900247
桃園市,龍潭區,九座寮段,317-241,121.23885681446501,24.8671546798635
桃園市,大溪區,員林段,330,121.26808044691501,24.884702606475997
桃園市,楊梅區,草湳坡段草湳坡小段,80-18,121.173086598,24.912848776912
桃園市,楊梅區,永福段,110,121.25544833553,24.848302168392003
桃園市,新屋區,新屋段後湖小段,267-1,121.08980021777,24.993132429897
桃園市,八德區,興豐段,884,121.28619953248,24.9327575645915
桃園市,八德區,福興段,207,121.2871001411,24.9345174431285
桃園市,八德區,福興段,590,121.25795037949,24.9976629198155
桃園市,八德區,福興段,288,121.28571523597,24.9350374139305
桃園市,八德區,興豐段,1591,121.28646460622,24.930657555553502
桃園市,蘆竹區,新庄子段,1431-2,121.239570741145,25.026435910591502
桃園市,大園區,埔心段埔心小段,1767,121.21736287921999,25.037550040006
桃園市,大溪區,埔頂段,1088-5,121.27608710846,24.89389838098
桃園市,龍潭區,五福段,587,121.21801758136,24.866698349675
桃園市,龍潭區,五福段,573,121.21744268391001,24.8671731369935
桃園市,楊梅區,崩坡段崩坡小段,102-3,121.11643085191,24.892596156719
桃園市,大溪區,缺子段缺子小段,380-2,121.29558873424,24.9125578579485
桃園市,大溪區,缺子段缺子小段,263-17,121.29668911016,24.912229306843997
桃園市,楊梅區,富岡段,1345-1,121.08611471098,24.9268489157705
桃園市,楊梅區,楊梅段,138-38,121.14358783058,24.90861488939
桃園市,觀音區,草富段,478,121.135446156195,25.044027054149502
